member_url,member_name,rank,num_comp,country
/kazanova,Μαριος Μιχαηλιδης KazAnova,1,70,Greece
/titericz,Gilberto Titericz Junior,2,62,Brazil
/stasg7,Stanislav Semenov,3,28,Russia
/owenzhang1,Owen,4,42,United States
/aguschin,Alexander Guschin,5,20,Russia
/abhishek,Abhishek,6,96,Germany
/leustagos,Leustagos,7,44,Brazil
/chaiml,Cardal,8,4,Israel
/confirm,Kohei Ozaki,9,67,Japan
/gertjac,Gert,10,24,The Netherlands
/clustifier,clustifier,11,53,Israel
/utility,utility,12,14,Russia
/mikeskim,Mike Kim,13,46,United States
/efimov,Dmitry Efimov,14,36,Russia
/sushize,Shize Su,15,37,United States
/sudalairajkumar,SRK,16,48,India
/blindape,José A. Guerrero,18,45,Spain
/psilogram,Silogram,19,42,Switzerland
/jeongyoonlee,Jeong-Yoon Lee,20,54,United States
/tyi2000,y,21,53,South Korea
/jiweiliu,rcarson,22,45,China
/alexxanderlarko,Alexander  Larko,23,89,Russia
/mmueller,Faron,24,9,Germany
/qwang88,Qingchen,25,10,The Netherlands
/mjahrer,Michael Jahrer,26,44,Austria
/skylibrary,SkyLibrary,27,24,United States
/ccccat,Sergey Yurgenson,28,45,United States
/chenglongchen,Chenglong Chen,29,27,China
/pengyan,Eureka,30,16,China
/ashhafez,ash hafez,31,21,United States
/marekcygan,Marek Cygan,32,9,unknown
/mmucha,Marcin Mucha,33,18,Poland
/simongabor,Gábor S,34,16,unknown
/speculation,idle_speculation,35,16,unknown
/herrahuu,Herra Huu,36,16,Finland
/domcastro,Bluefool,37,61,United Kingdom
/joseffeigl,Josef Feigl,38,23,Germany
/anupam1924,Anupam Pandey,39,7,India
/naokazumizuta,Naokazu Mizuta,40,46,Japan
/thakurrajanand,DataGeek,41,82,India
/lucamassaron,Luca Massaron,42,87,Italy
/mlandry,mlandry,44,48,United States
/threecourse,threecourse,46,7,Japan
/konradb,Konrad Banachewicz,48,57,Netherlands
/triskelion,Triskelion,49,77,The Netherlands
/mandelbrot,mandelbrot,51,37,Croatia
/xiaozhouwang,Little Boat,52,24,Canada
/deeper,Bill,53,3,Spain
/xavierconort,Xavier Conort,54,28,Singapore
/nthanhtam,BaCuDan,55,33,Singapore
/dyakonov,Alexander D'yakonov,56,35,Russia
/dmitrylarko,Dmitry Larko,57,25,United States
/orchid,orchid,58,32,United States
/gaborfodor,beluga,59,38,Hungary
/woshialex,woshialex,60,27,United States
/liderchang,Li-Der,61,42,United States
/davidthaler,David Thaler,62,21,United States
/cydonia,cydonia,63,29,Japan
/breakfastpirate,BreakfastPirate,64,34,United States
/devinanzelmo,Devin,65,26,United States
/rafalcycon,blaine,66,10,Poland
/mikhailtrofimov,Mikhail Trofimov,67,26,Russia
/clobber,clobber,68,11,United States
/aaronsim,PuPa,69,4,United Kingdom
/willieliao,Willie Liao,70,36,United States
/yassertabandeh,Yasser Tabandeh,71,37,Iran
/btgraham,Benjamin Graham,72,6,United Kingdom
/keiku322,Keiku,74,17,Japan
/inversion,inversion,75,42,United States
/carloshuertas,NxGTR,76,34,Mexico
/tks0123456789,tks,77,43,Japan
/nagadomi,nagadomi,78,11,Japan
/svpons,Sandro,79,22,Italy
/newtohere,onthehilluu,80,21,United States
/nimashahbazi,NimaShahbazi,81,5,Canada
/mariofilho,Mario Filho,82,16,Brazil
/rushter,Artem,83,33,Russia
/barisumog,barisumog,84,35,Turkey
/dmytrolystopad,Dmytro Lystopad,85,14,Ukraine
/xueerchen,Xueer Chen,86,30,United States
/jianminsun,Jianmin Sun,87,31,United States
/gzsiceberg,Gzs_iceberg,88,6,China
/jasontam,( ͡° ͜ʖ ͡°),89,13,United States
/adjgiulio,Giulio,90,24,United States
/songgc,Guocong Song,91,13,United States
/bohdan,Bohdan Zhurakovskyi,92,6,Ukraine
/coluna,colun,93,3,Japan
/anlthms,Anil Thomas,94,27,United States
/dulyanov,Dmitry Ulyanov,95,15,Russia
/ainu77,Nana,96,2,South Korea
/rohanrao,Rohan Rao,97,28,India
/robibok,robibok,98,11,Poland
/ginoainsley,Gino,99,27,Canada
/ericbiernat,Bibi Mining,100,15,France
/dynamic24,dynamic24,101,45,United States
/liauys,YS-L,102,14,Singapore
/ramarlina,Mendrika Ramarlina,103,24,Antananarivo
/gmilosev,gmilosev,104,14,Croatia
/datarat,MillCheck,105,12,Poland
/jfkingiii,James King,106,30,United States
/dougkoch,Doug Koch,107,24,United States
/davidshinn,David Shinn,108,25,United States
/paragkale,pxk,109,10,India
/brandenkmurray,Branden Murray,110,11,United States
/mennotaanman,Menno,111,34,Netherlands
/bensolucky,Ben S,112,14,United States
/zhanpengfang,FAndy,113,15,China
/hallayang,Halla Yang,114,10,United States
/robertod,Roberto,115,17,Spain
/dowakin,Dowakin,116,26,Ukraine
/studentkgl2012,student2012,117,21,unknown
/damianmingle,Damian Mingle,118,84,United States
/gtakacs,Gábor Takács,119,7,Hungary
/juliandewit,Julian de Wit,120,7,Netherlands
/dkaylor,dkay,122,17,San Francisco
/jarfo1,José A. R. Fonollosa,124,7,Spain
/scharf,T. Scharf,125,32,United States
/senbong,senbong,126,12,Singapore
/danielfg,Daniel FG,127,9,unknown
/justfor,Justfor,128,17,Germany
/rkirana,Black Magic,129,49,India
/chechir,Matias Thayer,130,11,Chile
/timsalimans,Tim Salimans,131,17,Netherlands
/davutpolat,Davut Polat,132,13,Turkey
/brandao,Humberto Brandão,133,1,Brazil
/mikhailz,Mikhail,135,23,France
/mathusuthan,Mathusuthan,136,49,India
/felixlaumon,felixlaumon,137,4,unknown
/mindcool,Luís André Dutra e Silva,138,4,Brazil
/littus,littus,139,2,Russia
/ckomaki,Chihiro Komaki,140,2,United States
/toulouse,Toulouse,141,35,France
/iglovikov,Vladimir Iglovikov,142,34,United States
/ngaude,nicolas gaude,143,3,France
/phillipadkins,Phillip Chilton Adkins,144,33,United States
/alfnie,Alfonso Nieto-Castanon,145,15,Spain
/derkanat,Derkanat,146,9,Germany
/morandi,Andrew Ostapets,147,31,Russia
/takagiwa,M. Takagiwa,148,26,Japan
/alexryzhkov,Alexander Ryzhkov,149,28,Russia
/weiwunyc,Wei Wu,150,28,United States
/gkoundry,Glen,151,23,United States
/nedelko,Victor,152,39,Russia
/guestwalk,guestwalk,153,4,unknown
/wschin,mandora,154,4,Taiwan
/mengmengyong,mengmengyong,155,4,unknown
/pengliu84,Peng,156,11,unknown
/khyh00,khyh,157,19,unknown
/stefanstefanov,Stefan Stefanov,158,9,Bulgaria
/dominique,DL,159,45,France
/threedb,threedB,160,14,United States
/mattsco,Matt Sco,161,32,France
/epinephelus,Tsakalis Kostas,162,10,United Kingdom
/optimism,SK,163,5,unknown
/mattvonrohr,Matt,164,54,Switzerland
/girmak,Girma Kejela,165,18,Norway
/melisgl,Gábor Melis,166,4,Hungary
/milakov,Maxim Milakov,167,11,Russia
/jamesdlawrence,jdl37,168,28,United Kingdom
/maciejk,maciejk,169,3,Poland
/xingzhao,xing zhao,170,10,United States
/yashwanthreddy,Yashwanth Reddy,171,37,India
/johncandido,Giovanni,172,25,United States
/sedielem,sedielem,173,5,United Kingdom
/cdjbee,cdjb,174,31,Germany
/dmaust,David Maust,175,28,United States
/fchollet,fchollet,176,6,unknown
/cjturner,Charlie Turner,177,41,United States
/fugusuki,fugusuki,178,9,Japan
/medial,Medrr,179,6,Israel
/emolson,emolson,180,14,United States
/toshik,toshi_k,181,14,Japan
/aymankh,Ayman Khalafallah,182,34,Egypt
/weeezy,weezy,183,2,France
/cedricgp,Cédric Gouy-Pailler,184,15,France
/luciferase,Luciferase,185,24,South Africa
/gramolin,Alexander Gramolin,186,2,Russia
/hurlburt,Chris H.,187,23,United States
/smallyellowduck,small yellow duck,188,12,Canada
/mortehu,mortehu,189,3,United States
/dremovd,Dmitry Dryomov (YSDA),190,45,World
/hochthom,Fluxus,191,6,Austria
/josefslavicek,Josef Slavicek,192,7,unknown
/nigelcarpenter,Chippy,193,27,United Kingdom
/sveitser,Mathis Antony,194,11,Hong Kong
/theanalyticprophet,TheAnalyticProphet,195,50,unknown
/users/212902/iwan-gro-ny,Iwan Groźny,196,3,Poland
/alexlzzz,AL,197,12,United States
/philculliton,Phil Culliton,198,30,unknown
/chonglinsun,Eric,199,11,unknown
/sergeykozub,charango,200,8,Russia
/entron,entron,202,1,Germany
/julesvanligtenberg,Jules,203,33,The Netherlands
/maternaj,maternaj,204,35,Czech Republic
/gmobaz,gmobaz,205,28,Mexico
/invinciblejha,Vikram Jha,206,109,India
/raddar,raddar,207,9,Lithuania
/alzmcr,Alessandro Mariani,208,11,United Kingdom
/euclides,Euclides Filho,209,15,Germany
/gaddawin,gaddawin,210,9,Russia
/users/110805/michael-hills,Michael Hills,211,4,Australia
/yilihome,yilisg,212,10,Singapore
/srgodbole,Shashi Godbole,213,23,India
/users/79426/dieselboy,Dieselboy,214,23,Germany
/pierrenowak,Pierre Nowak,215,4,France
/laroumagne,Florian Laroumagne,216,4,France
/bitsofbits,Tim Hochberg,218,8,United States
/pietromarinelli,Pietro Marinelli,219,29,Italy
/chevli,vrajs5,220,32,India
/zeliek,Argmen,221,3,China
/romainayres,Romain Ayres,222,10,France
/allmendinger,Bernd Allmendinger,223,18,Germany
/wmestrom,Willem Mestrom,224,8,Netherlands
/daheimao,daheimao,225,1,unknown
/chandrad,cud155,226,51,United States
/sasrdw,Russ W,227,3,United States
/wleite,wleite,228,6,Brazil
/khanenko,rokh,229,14,Ukraine
/georgem,Evdilos_Ikaria,230,20,Greece
/dmitriyguller,Dmitriy Guller,231,8,United States
/sirguessalot,Momchil Georgiev,232,42,United States
/someperson53,Someperson53,233,11,United States
/chipmonkey,ChipMonkey,234,47,United States
/vtsing,tsing,235,11,unknown
/bishwarup,Bishwarup B,236,7,unknown
/huibers,Paul H,237,38,United States
/nileshkadam,Nilesh Kadam,238,77,India
/gospursgo,Jiahuan He,239,4,United States
/trenqualye,minimalist,240,14,Canada
/romualdj,rmldj,241,6,unknown
/spimenov,pim,243,36,United States
/grzegorz,[entropy],245,18,unknown
/smoskvin,Sergey Moskvin,246,5,Russia
/wallinm1,Michael Wallin,247,15,Finland
/gphilippis,Computer says no,248,13,Greece
/udibr1,udibr,249,6,unknown
/anton79,Anton Laptiev,250,10,Canada
/chrisslz,chrisslz,251,12,Germany
/rejulien,Julien,252,23,France
/tetsurotayama,Tetsuro Tayama,253,31,Japan
/lnicalo,lnicalo,254,30,Spain
/quentiny,quentin.y,255,7,unknown
/rakhlin,rakhlin,256,8,unknown
/vicensgaitan,Vicens Gaitan,258,10,Catalunya
/abdulwahabkabani,AbdulWahab,260,10,unknown
/jturkewitz,Jared Turkewitz,261,15,United States
/lisali,lli,262,15,United States
/paweljankiewicz,Paweł,263,20,Poland
/ikretus,ikretus,264,57,Russia
/omoekan09,Rokoson,265,30,United States
/users/121535/christian-kiss-t-th,Christian Kiss-Tóth,266,4,Hungary
/weimin,weimin wang,267,11,Singapore
/pathbinder,Junonia,268,3,unknown
/nkhuyu,nkhuyu,269,28,United States
/neilsummers,Neil Summers,270,15,United States
/razgon,razgon,271,64,Hungary
/johnsonav,johnsonav,272,12,United States
/yaojian,hello_yj,273,1,unknown
/ouranos,Ouranos,274,18,Greece
/deanmckee,Dean McKee,275,11,United States
/mandalsubhajit,Subhajit Mandal,276,17,India
/ruai00,ruai,277,20,Russia
/ivicajovic,Ivica Jovic,279,8,unknown
/jeffreydf,Jeffrey,280,9,United Kingdom
/bcragin,Bruce Cragin,281,29,United States
/pinocchio,Hamed,282,17,Iran
/achm6174,achm,283,22,Hong Kong
/pavel1,Pavel Blinov,284,11,Russia
/singhs,shail,285,13,United States
/guidotapia,Guido Tapia,286,22,Australia
/binghsu,Bing Xu,287,17,Canada
/users/158556/tom-denton,tom denton,288,1,United States
/scirpus,Scirpus,291,20,United Kingdom
/mechatroner,mechatroner,292,5,Russia
/sigint,John Park,293,53,United States
/thuyenvn,Plankton,294,5,United States
/symyksr,Mickey,295,22,unknown
/weberwu,KW Wu,296,9,unknown
/harkmug,harkmug,297,7,unknown
/chanfuku18,Hiroyuki,298,25,unknown
/casalicchio,Giuseppe Casalicchio,299,17,Germany
/slobo777,Neil Slater,300,10,United Kingdom
/shimva,Shim vui ann,301,4,Singapore
/elenacuoco,Elena Cuoco,302,16,Italy
/byang1,B Yang,304,18,Canada
/zsaurk,saurk,306,15,unknown
/jpmiller,JohnM,307,18,United States
/sangsulee,Sang Su Lee,308,28,United States
/kulishyurii,KulishYurii,309,3,Ukraine
/users/194755/adrien,Adrien,310,9,United Kingdom
/liweilin,hothHowler,311,23,United States
/panosc,Panos Christidis,312,18,Spain
/gingayoshizawa,Ginga Yoshizawa,313,24,Japan
/gm1248,GM,314,3,unknown
/golondrina,golondrina,315,4,Ghent
/nilotpal,Nilotpal Sinha,317,38,India
/vadims,Vadim,319,48,unknown
/cbourne,Charlotte Bourne,320,28,Canada
/glazed,glazed,321,6,unknown
/deepcnn,Deep,323,13,United States
/andreybogomolov,Andrey Bogomolov,324,31,Italy
/thedoctor46,thedoctor46,325,10,India
/phanisrikanth,binga,326,28,India
/manueldiaz,Manuel Díaz,327,31,Spain
/darraghdog,Darragh,329,8,Ireland
/danielyoo,Daniel Yoo,330,16,United States
/ceshine,CeShine Lee,331,32,China
/edunov,Sergey,332,19,United States
/u1234x1234,u1234x1234,333,17,unknown
/anttip,anttip,334,6,unknown
/skirpichenko,kipa,335,2,Russia
/ginotesei,Isaac,336,25,United States
/milivojevic,Čeduljko,337,26,Switzerland
/users/214120/arno-solin,Arno Solin,338,1,Finland
/joseleiva,Jose M.,339,11,Spain
/yejiming,Jiming Ye,340,14,China
/nemesis2,Nemesis,341,32,unknown
/parkinsonzabelin,Parkinson Zabelin,342,17,United States
/cubbus,Bogdan Ghenea,343,23,Romania
/mflury,@utopilot,344,7,unknown
/martin22,Martin Martin,345,13,Argentina
/anonemaus,anonemaus,346,1,unknown
/soundwaveli00,Hang,347,19,unknown
/iamivo,ivo,348,41,Hungary
/wakeup06,Sungbin Choi,349,8,unknown
/interesting,Nathaniel Shimoni,350,19,Israel
/drawer,Stephan Brüggemann,351,2,Hong Kong
/poptimize,Poptimize,352,1,unknown
/benjaminbossan,Benjamin Bossan,353,5,Germany
/michelblaauw,Michel Blaauw,354,54,Netherlands
/anjanaagrawal,Anjana Agrawal,355,28,India
/zachmayer,Zach,356,22,United States
/cbourguignat,Christophe Bourguignat,358,14,France
/x2x4x8,x2x4x8,359,3,United States
/mamymo,mymo,360,8,unknown
/paolovigori,Paolo Vigori,361,38,United Kingdom
/gerold,Gerold,362,3,unknown
/sionek,Grzegorz Sionkowski,363,14,Poland
/pvlima,Pedro Lima,364,5,Portugal
/jnlaia,João N. Laia,365,3,Germany
/chalmi,Michal Wojcik,366,2,Czech Republic
/neocortex,Charlie Tang,367,11,Canada
/yangyanzhan,Mania Yang,369,60,China
/jordangoblet,Jordan Goblet,370,13,Belgium
/liwzhi,liwzhi,372,32,United States
/topchylo,Olexandr Topchylo,373,18,Ukraine
/markpeng,Mark Peng,374,13,Taiwan
/ma2afify,ma2afify,375,16,Egypt
/longnguyen,Cherry's Daddy,376,10,Singapore
/hiendang,Hien To,378,7,Germany
/infinite,infinitezxc,379,4,China
/soumendra,Obel,380,23,India
/cbitton,Charly B.,381,5,Israel
/adilmouja,Adil,382,29,Japan
/hulkbulk,HulkBulk,383,36,France
/jtrotman,J Trotman,384,11,United Kingdom
/solorzano,José Solórzano,385,17,Ecuador
/tqchen,Tianqi Chen,386,8,unknown
/thenx00,thenx,387,20,unknown
/yarmolau,iyarmolau,389,13,Canada
/iamthep,Ryan Munion,390,2,United States
/dslate,David J. Slate,391,18,United States
/lijunjie,YcdoiT,392,4,China
/ys19931006,Shan Yu,393,18,United States
/zichen,Zichen Wang,394,8,United States
/users/23759/luis-tandalla,Luis Tandalla,395,19,United States
/antklen,antklen,396,12,Russia
/drpatrickchan,Patrick Chan,397,21,Singapore
/alexeynoskov,alno,398,12,Russia
/rajkumarb,Rajkumar,399,14,India
/ashapulin,Andrey Shapulin,400,12,Russia
/gooron,gooron,402,17,unknown
/kolachalama,vbk,403,27,United States
/mammal,Arto,404,9,Finland
/roelmoradi,Rule_Wgs,405,2,Netherlands
/kaggler3346,Eu Jin Lok,406,20,Australia
/yarotsky,Dmitry Yarotsky,407,7,Russia
/users/111508/maineiac,Maineiac,408,13,United States
/users/118392/id,id,409,3,Russia
/yetiman,YetiMan,411,17,United States
/datenkieker,daten-kieker,412,33,unknown
/bellar,Anthony Bell,413,21,United States
/pchaville,Pierre-Chaville,414,7,unknown
/stocks,ClusterFork,415,8,United States
/tilgasergey,Sergey Tilga,416,13,Russia
/mrkimmo,Mr. Kimmo,417,15,Finland
/moseisley7,moseisley7,418,1,unknown
/tereka,tereka,420,21,Japan
/abalogh,Attila Balogh,421,20,Austria
/users/311573/zdb-88,zdb_88,422,1,United States
/ffyu1204,Feifei Yu,423,4,United States
/edwingraham,Edwin Graham,424,9,United Kingdom
/fernandoprocy,FernandoProcy,425,9,Brazil
/chriscc,ChrisCC,426,5,Canada
/jialunhe,Birchwood,427,11,United States
/jekyllsmith,Jekyll,428,26,unknown
/vinodmk,VMK,429,18,India
/thekeymaker,TheKeymaker,430,9,United Kingdom
/jpison,F.J.Martinez-de-Pison,431,7,Spain
/nekrasov,Evgeny Nekrasov,432,5,Russia
/ankurv857,Ankur Verma,433,12,India
/girishiyer,GKHI,434,47,Thailand
/salimali,Sali Mali,435,22,Australia
/cartersibley,Carter Sibley,438,14,United States
/florianm,Florian Muellerklein,439,10,United States
/sujeeth,Sujeeth S,440,25,India
/jessekolb,J Kolb,441,17,United States
/vlarine,Vladimir Larin,442,12,Russia
/greenmtn,Rich He,443,11,United States
/bamine,Amine Benhalloum,444,12,France
/users/7052/jason-tigg,Jason Tigg,445,16,United Kingdom
/numb3rs,redd,446,13,unknown
/dimitrislev,Dimitris Leventis,447,23,Greece
/alessannr,Alessannr,448,1,unknown
/tomtillo,piby4,449,18,India
/mnrlmn,mnrl,451,40,United States
/karma86,Sergei Bugrov,452,21,United States
/happycube,happycube,453,8,United States
/smiler,smiler,455,12,unknown
/oleksiirenov,Oleksii Renov,456,14,Ukraine
/andtem2000,Aindriú,458,7,unknown
/mathurinache,Mathurin Aché,459,24,France
/glouppe,Gilles Louppe,460,11,Switzerland
/gshguru,Gurupad S. Hegde,461,34,India
/ampires,AMPires,462,15,Portugal
/users/181606/jread,jread,463,2,unknown
/sadz2201,Siddharth Chandrakant,465,20,India
/joshstone,Josh Stone,466,16,United States
/ryutek,Hyun Ook Ryu,467,17,United States
/srikiyer,Srikanth Iyer,468,19,United States
/zhewang,horizon,469,4,unknown
/users/145130/pierre-sermanet,Pierre Sermanet,470,2,United States
/bikasha,Bikash Agrawal,471,14,Norway
/users/10849/aaron-van-den-oord,Aaron van den Oord,473,6,unknown
/ricgama,RW,474,6,Portugal
/potamitis,Rafael,475,16,Greece
/arnocandel,Arno Candel,476,10,United States
/cxz2004,a9108,477,6,China
/adhirb,Adhir Badul,478,11,South Africa
/paulperry,paulperry,479,15,United States
/pierregutierrez,Pierre Gutierrez,480,17,France
/auroraxie,AuroraXie,481,6,United States
/tobycheese,Toby Cheese,482,17,Switzerland
/djpittdj,djpittdj,483,5,unknown
/pmarini,Pietro Marini,484,29,France
/ngutten,Nicholas Guttenberg,485,10,Japan
/cyrisfa,CYR_ISFA,486,4,unknown
/jojoboulix,Jojo Boulix,487,4,unknown
/victorrobin,Victor Robin,488,9,United Kingdom
/ildefons,Ildefons Magrans,489,12,Japan
/adamwong,Adam W,490,20,Singapore
/ikuyamada,Ikuya Yamada,492,1,Japan
/selsaas,Lars Ropeid Selsås,493,5,United States
/lclpku,dreamer,494,24,unknown
/skorsun,Serhii,495,25,Ukraine
/sweeroty,SweeRoty,496,10,China
/vincentf,Vincent Firmansyah,497,9,Singapore
/zeroblue,Michael Hartman,499,5,United States
/vladteodorescu,Vlad Teodorescu,500,6,Romania
/molozhenko,Evgeniy Molozhenko,501,26,Russia
/randombishop,Randombishop,502,4,Morocco
/saketkunwar,Saket Kunwar,503,13,Nepal
/lionfishy,lionfishy,504,1,unknown
/users/7117/stefan-hen,Stefan Henß,505,25,Germany
/welcomeworld,Philippe Lonjoux,506,15,France
/users/84255/yoon,Yoon,507,3,unknown
/usixuz,SecondPlan,508,21,Switzerland
/flashnik,flashnik,509,14,Russia
/loweew,loweew,510,18,unknown
/saihttam,saihttam,511,18,Germany
/alexeykuklin,alex,512,30,Russia
/anthonyp,Anthony P.,513,18,Spain
/benhamner,Ben Hamner,514,39,United States
/dmcgarry,David McGarry,515,15,United States
/yibochen,yibo,516,21,China
/vikrant24,Vikrant Kumar,517,16,United States
/wintergreens,Nile,518,6,United States
/itankoyeu,ITankoyeu,519,15,Italy
/users/197973/pieter,Pieter,520,3,Belgium
/rudikruger,Rudi Kruger,522,69,South Africa
/selfishgene,Selfish Gene,523,9,Israel
/priyansu,Priyansu,524,28,India
/tavish,Tavish,525,16,India
/mashhoori,A.M.,526,5,Canada
/comanda,comanda,527,46,unknown
/anmiko,Andriy Gryshchuk,528,9,Ukraine
/denistsitko,Denis Tsitko,529,18,Russia
/ilyakuzovkin,Ilya Kuzovkin,530,4,Estonia
/archyk,Archy,531,3,unknown
/thekannman,Zachary Kann,532,20,United States
/mossadnik,Matthias Ossadnik,533,7,Switzerland
/piotrkuchta,Piotr Kuchta,534,35,United Kingdom
/chedyraissi,Chedinho,535,2,France
/bwilbertz,Benedikt,536,2,unknown
/foobar27,Sébastien Wagener,537,2,unknown
/elliotdawson,Elliot Dawson,538,25,Australia
/jasonkarpeles,Jason Karpeles,539,51,United States
/adamhornn,Adam Hornsby,540,6,unknown
/d3potf,D3PO,541,28,Australia
/hungk20,hungk20,542,5,Singapore
/pythonomic,pythonomic,543,38,India
/asimkievich,Alejandro Simkievich,544,5,Brazil
/carlosfernandez,Carlos Fernandez,545,4,Spain
/adinfinitum,C Choo,546,20,Singapore
/chinta,GreatDataAnalyst,547,12,unknown
/magania,ricardo,548,3,Mexico
/tuanmann,tuomas_s,549,19,unknown
/users/104302/scott-h,Scott H,550,3,unknown
/johndun,John Dunavent,552,6,United States
/shaironen,Shai Ronen,553,5,unknown
/akilaw,Akila Wajirasena,554,16,Sri Lanka
/brendanborin,Army of Darkness,555,19,United States
/inpefess,Boris Shminke,556,21,Russia
/lukasz8000,Lukasz 8000,557,6,Poland
/thawatt,Michael Maguire,558,8,United States
/behrang,ZS13,559,10,Canada
/charmchi,Sadegh,560,24,Iran
/users/150163/miranda,Miranda,561,2,United States
/kumareshd,Kumaresh,562,14,unknown
/apralat,Andrzej Prałat,563,5,Poland
/esimon,ÉJLS,564,2,unknown
/katchup,katchup,565,2,France
/mconway,Mark Conway,567,26,United States
/quickjanca,Perroquet,568,11,Czech Republic
/drewabbot,Drew Abbot,569,6,United States
/users/10748/martin-o-leary,Martin O'Leary,570,14,United Kingdom
/waynezhang,Wayne Zhang,571,14,Hong Kong
/dhammack,dhammack,572,4,unknown
/zygmunt,Foxtrot,573,36,Poland
/users/87002/alex-lebedev,Alex Lebedev,574,3,Sweden
/koalaking,Dong Meng,576,4,United States
/arturabragin,BenGurion,577,9,unknown
/thequants,Peter Borrmann,578,4,Germany
/fernandoconstantino,Fernando Constantino,579,13,Spain
/upulbandara,Upul Bandara,580,24,Sri Lanka
/alanwuxm,Haozhen,581,7,United States
/piotrw,piotrek,582,36,unknown
/de317070,317070,583,2,Belgium
/aldente,aldente,584,8,unknown
/antonov,A.Antonov,585,17,unknown
/users/176217/lionel-pigou,Lionel Pigou,588,4,unknown
/jburms,jburms,589,3,Belgium
/users/9441/jeremy-achin,Jeremy Achin,590,8,United States
/bangnk,Bang Nguyen,591,4,Vietnam
/michaelpawlus,Michael Pawlus,592,17,United States
/mardoe,MarDo,593,6,Germany
/users/5978/scott-dobson,Scott Dobson,594,7,United States
/miroslaw,Miroslaw Horbal,596,14,Canada
/robson,Robson,598,7,unknown
/viveksha,Vivek Sharma,599,18,India
/bonferroni27,Bonferroni27,600,27,Indonesia
/quyntk,Kim Quy,601,9,Vietnam
/chrisschank,ChristopherSchank,602,1,Luxembourg
/pol9000,PolGl,603,1,Luxembourg
/moscht,Mechel Conrad,604,1,Luxembourg
/mars198356,Mars,605,1,unknown
/raspberry,Maxime Marchès,606,1,Luxembourg
/aolariu,Andrei Olariu,607,6,Romania
/jpetterson,James Petterson,608,8,Australia
/santiagomota,smota,610,16,Spain
/lantingguo,zhmz90,611,21,China
/tunguz,Bojan Tunguz,613,15,United States
/maglas,maglas,614,7,unknown
/yvanaillet,Yvan,615,11,France
/users/2081/yannis-sismanis,Yannis Sismanis,616,9,United States
/ivanlobov,Ivan Lobov,617,6,Russia
/mzacks,zacks,619,22,unknown
/dott1718,dott,620,2,Austria
/zhukov,Ilya,621,28,Russia
/users/133646/pampampampam,pampampampam,622,1,unknown
/apex51,Apex51,623,9,China
/leadbest,HDKIM,624,10,unknown
/franchi,Matteo Franchi,626,11,Italy
/statsfreak,Statsfreak,627,3,unknown
/sjuvekar,Sudeep Juvekar,628,10,United States
/lukasdrapal,Matfyzak,629,9,United Kingdom
/bernhard1,BlackMagic,630,17,New Zealand
/cashfeg,cash_FEG,631,17,Japan
/lancerts,lancerts,633,16,unknown
/hasanmujtaba,Mujtaba Hasan,634,17,India
/sitaram,Sitaram Tadepalli,635,29,India
/junk1e,Anton Nekhaev,636,7,Russia
/timhenry,T. Henry,637,11,unknown
/renman,renman,638,1,unknown
/users/31633/yeticrab,yeticrab,639,3,unknown
/tianzhou,Tian Zhou,640,5,United States
/fsimond,Florian,641,3,Switzerland
/muditsaxena,Mudit,642,22,India
/users/287432/dr-gigabit,Dr.Gigabit,643,1,Germany
/madjack,Mad Jack,644,19,Barbados
/errichto,Kamil Dębowski,645,3,Poland
/santyago,Alexander Makeev,646,12,Ukraine
/sthompson,Scott Thompson,647,24,Australia
/users/143015/aseveryn,aseveryn,648,2,Italy
/tambetm,Tambet Matiisen,649,2,Estonia
/dsalex,Alexander Ponomarchuk,650,9,Russia
/ameshkov,Aleksandr Meshkov,651,9,Russia
/rdwrer,Adi,652,18,United States
/zidmie,Zidmie,653,6,unknown
/lenguyenthedat,lenguyenthedat,654,6,Singapore
/users/46205/emilio-g-ortiz-garc-a,Emilio G. Ortiz-García,655,11,Spain
/tshlckk,Ask for an SSB,656,32,unknown
/amortized,Amortized,657,20,United States
/users/30481/r0u1i,r0u1i,658,7,Israel
/pcovington,Paul Covington,659,11,United States
/sgamez,Sergio Gámez,660,9,Spain
/gabrielfarah,gabomagno,661,17,Colombia
/ijaganjac,Lamb,662,35,Bosnia and Herzegovina
/typedef,typedef,663,5,unknown
/binomka,Binomka,664,22,Ukraine
/jam2809,JamesGoodchild,667,1,United Kingdom
/datadoge,doge,668,1,unknown
/tloinuy,Tony Liu,669,18,United States
/users/33240/ryan-kiros,Ryan Kiros,670,10,Canada
/malais,Malai,671,18,United States
/bibimounemohamed,Bibimoune,672,4,France
/users/835/jure-zbontar,Jure Zbontar,673,13,Slovenia
/adornes,Daniel Adornes,674,16,Brazil
/jnbraun,JNBr,675,4,France
/timdettmers,Tim Dettmers,676,10,Switzerland
/twolfanger,Tobias Wolfanger,678,14,Germany
/idontcare,Esfandiar Alizadeh,679,6,United States
/robertoneil,Rob0,680,4,unknown
/jasonnoriega,Jason Noriega,681,31,United States
/users/90121/jajo,jajo,682,19,Croatia
/breezeyuner,Yannick,683,3,unknown
/quantified,quantify,684,3,unknown
/tyronecragg,Snails,685,9,South Africa
/massimiliano,bmax,686,19,Italy
/tanelp,Tanel,687,2,unknown
/kg2irq13,chronos,688,7,unknown
/ggglhf,tinrtgu,689,7,unknown
/kuo000,Charles,690,15,unknown
/zhaogang,George Zhao,691,12,Singapore
/sorenravn, sravn,692,11,Denmark
/jimenezluna,Jose Jimenez,693,16,Spain
/chefele,Christopher Hefele,694,14,United States
/users/129926/cheng-chen,cheng chen,695,2,United States
/lilisun,Lili Sun,696,24,China
/vipito,Pepan,697,7,unknown
/maulwurf1,HansMaulwurf,699,3,United States
/heartyguy,Tian Wang,700,10,Canada
/acarter,Andrew Carter,701,27,Australia
/rafalj,Rafal Jozefowicz,702,7,United States
/wacaxx,wacax,703,29,unknown
/cocohead,Mary Louie,704,2,United States
/nalinpasricha,nalin,705,7,India
/danielhutty,DanH,706,22,United Kingdom
/seabreeze,SeaBreeze,707,30,unknown
/thierrys,ThierryS,708,33,France
/michelj,MichelJ,709,6,Belgium
/slimper,slimper,710,3,unknown
/duncanbarrack,barrack_d,711,3,United Kingdom
/mfagerlund,Mattias Fagerlund,712,2,Sweden
/neeloysaha,nsaha,714,13,unknown
/sashkolysenko,Oleksandr Lysenko,715,4,Germany
/siddharthbiswal,sidb,717,19,United States
/lrtmonkey,statlearning,718,14,unknown
/sourabhjha,SVJ24,719,14,India
/mrooijer,MrOoijer,720,7,Netherlands
/adrianhaldenby,ahaldenby,721,16,unknown
/dmitryka,Dmitry,722,5,Russia
/seewaters,seewaters,723,6,United States
/harshalsoman,Harshal,724,28,India
/danielkorzekwa,Daniel Korzekwa,725,1,unknown
/georgeciobanu,George Ciobanu,726,14,Romania
/blacksou,Blacksou,727,8,unknown
/pprett,Peter Prettenhofer,728,9,Austria
/openneuron,openneuron,729,8,United States
/mynameis,mynameis,730,6,Russia
/johnnystrings,Johnny Strings,731,14,United States
/hpeaker,Alvah,732,13,unknown
/a11rand0m,all_random,733,2,unknown
/ram1angadala,Invati Ram,734,14,India
/aharasim,Adam Harasimowicz,735,6,United Kingdom
/johanmanders,Johan Manders,736,8,unknown
/winsty,Winsty,738,4,unknown
/transplanted,transplanted_tree,739,15,unknown
/yuchengsu,YCSU,740,9,unknown
/rafahernandez,Rafael Hernández Murcia,741,18,Spain
/waltchan,Walt Chan,742,10,Singapore
/emiliocs,Emilio Simoni,743,15,Brazil
/wallych46,wally,744,5,Catonsville
/neuralnetworks,Chris Maki,745,17,United States
/jjjjjj,JJJ,746,10,United States
/pgeiger,PaulG,747,8,unknown
/asterios,Stergios,749,6,Greece
/jmeynet,Montblanc,750,10,France
/tazhoodeen,Tazhoo Deen,751,16,Russia
/weilinear,LI Wei,752,24,Switzerland
/citril,Citril,753,12,United States
/niranjanmudhiraj,who @m !,754,15,unknown
/vettipaiyan,vettipaiyan,755,18,unknown
/amihalik,amihali3,757,14,United States
/bloory,Eugene Sidorov,758,9,Russia
/kmenou,KMen,759,6,unknown
/matlab,Inoddy,761,12,unknown
/sebastienconort,Sebastien Conort,762,5,France
/intentia,Tetiana Kudriavtseva,763,20,Ukraine
/sriharij,sriok,764,3,unknown
/donghyun,sayit,765,8,Canada
/rvprasad,rvprasad,766,43,unknown
/pppppp,PP,767,3,United Kingdom
/sueiras,JJS,768,16,Spain
/duttaroy,OverfitterScientist,769,16,unknown
/javiertag,Javier Tejedor Aguilera,770,11,Spain
/zerrxy,Mike,771,5,Russia
/ivanliu1989,Ivan Liu,772,9,Australia
/lscoelho,Leandro dos Santos Coelho,773,11,Brazil
/chitrasen,Chitrasen,774,23,India
/gpistre,Gerome Pistre,775,9,France
/luckyguy,Lucky Guy,776,12,United States
/gbrello,Gabriel Barello,777,8,United States
/benjamm,Benj,778,5,unknown
/sandeepmkh,Sandeep,779,18,unknown
/sylvanas2013,Sylvanas2013,780,7,China
/jasperzhang,Zhanpeng Zhang,781,2,China
/marugari,marugari,782,27,Japan
/codingneo,CodingNeo,783,8,Singapore
/famousboy,Happy Monkey Year!,784,1,China
/dariosolari,Dario Solari,785,16,Italy
/maneeshkm,Siddha,786,18,Singapore
/andrem,Andre,787,11,United Kingdom
/yevgeniy,Yevgeniy,788,4,Finland
/tuzzeg,tuzzeg,789,10,United States
/cartographic,lewis ml,790,10,unknown
/lorenzoarossi,Lorenzo A. Rossi,791,12,United States
/assa2as,Andrey Selivanov,792,7,Russia
/wjs147,PoolNightBill,793,5,unknown
/victorcantor,victor_cantor,794,20,unknown
/kwartler,ehk116,796,15,unknown
/pichai,Andaman,797,13,Thailand
/pakozm,Francisco Zamora-Martinez,798,5,Spain
/sravanb,Sravan Babu Bodapati,799,26,India
/cmchen,Chih-Ming,800,21,Taiwan
/florianhendrich,Florian Hendrich,801,7,unknown
/pseud0nym,pseud0nym,802,24,unknown
/zfturbo,ZFTurbo,803,9,Russia
/envymyfieldsmedal,EnvyMyFieldsMedal,804,5,unknown
/devowl,Pavel Svintsov,805,2,Russia
/dfayzur,Epilogue,806,15,unknown
/andreastoescher,AndreasToescher,807,9,Austria
/paddykb,Patrick Blackwill,808,6,United Kingdom
/fengqi0423,Feng,809,11,unknown
/threeplusme,Eugene,810,12,Germany
/phrendille,phrendille,811,19,unknown
/users/114594/eluk,eluk,812,3,unknown
/ranyu92,Yu Ran,813,9,Malava
/egyfirst,EgyFirst,814,43,Egypt
/brainsignals,brainsignals,815,6,unknown
/sharmaharshit,charizard,816,29,India
/nitaidean,Nitai Dean,817,7,United States
/developerx,developerX,818,16,United States
/lplewa,Luke Plewa,819,8,United States
/bpavlyshenko,Bohdan Pavlyshenko,820,10,Ukraine
/users/176110/monte-mcnair,Monte McNair,821,2,United States
/mattsharpe,Matthew Sharpe,822,16,United Kingdom
/phunter,phunter,823,12,North Korea
/pascalpons,Pascal Pons,824,4,France
/linchn,LIN China,825,15,unknown
/petrov,Anton Petrov,827,9,Russia
/mvolkovs,Maks Volkovs,828,7,Canada
/j0shua,Joshua Havelka,829,16,United States
/scnndl,scnndl,830,5,unknown
/yib2irvine,air,831,6,unknown
/roadtoreality,Road To Reality,832,1,unknown
/benrolls,Benjamin Paul Rollert,833,1,unknown
/marian,marian,834,6,Poland
/kelexu,Kele XU,835,6,France
/sebyml,Seby,836,16,United Kingdom
/sbachish,sbachish,837,19,Ukraine
/teracrator,Teracrator,838,11,United States
/davidtran,David Tran,839,13,United States
/diogo149,Dee5,840,8,unknown
/patanjali,Patanjali,841,11,unknown
/rishabg,Rishab Gargeya,842,9,unknown
/hmorimori,hmorimori,843,3,United States
/gbakie,gbakie,844,8,Brazil
/hduong,Hoang Duong,845,6,United States
/zhaoww,Zhao W,846,3,China
/users/92407/anton-bakhtin,Anton Bakhtin,847,6,Russia
/xscripter,Ralph Neumann,848,15,Nicaragua
/countblah,Count Blah,849,3,unknown
/users/109675/ruslan-mavlyutov,Ruslan Mavlyutov,850,2,Switzerland
/rmxkaggle,Rongmin Xia,851,4,United States
/lkay83,LKay,852,6,Canada
/aakansh9,Aakansh Gupta,853,5,Japan
/hashkanna,Kannappan Sirchabesan,854,25,unknown
/maksik,Max,855,15,unknown
/naxat88,naxeji,856,7,unknown
/huzunali,Chapulist,858,4,United States
/philippeulenberg,Philipp Eulenberg,859,5,Germany
/dnouri,Daniel Nouri,860,7,Germany
/derdasmachenmuss,DerDasMachenMuss,861,6,Germany
/dixitgaurav,Gaurav Dixit,862,16,India
/jingfan2015,Jing,863,1,unknown
/giusco,DrNuke,864,9,Italy
/mathintelligence,mathintelligence,865,13,unknown
/davidknox,David Knox,866,18,New Zealand
/dgeals,dgea,867,7,unknown
/chaozhang,Chao  Zhang,868,5,United States
/duffman,Duffman,870,10,United States
/inventology,Infinity,871,11,Ukraine
/garrettthk,Garrett Teoh Hor Keong,872,6,Singapore
/krishnag,KGFeMan,874,17,India
/scorpion,Scorpion,875,10,United States
/users/69295/emil-skultety,Emil Skultety,877,3,Czech Republic
/users/70466/nimo,nimo,878,3,unknown
/bryangregory,Bryan Gregory,879,9,United States
/users/176222/michael-lopez,Michael Lopez,880,2,United States
/users/17585/patrick-racsa,Patrick Racsa,881,49,United States
/chris14159,Chris Thompson,882,9,United States
/issamlaradji,Issam Laradji,883,9,Canada
/cydal1,Cydal,884,12,United Kingdom
/jacocronje,Jaco Cronje,886,12,South Africa
/jwkvam,Jacques Kvam,887,14,United States
/hmnshu,hMnshu,888,17,India
/wlodekf,waf,889,2,unknown
/thalro,thomas rost,890,13,unknown
/codebender,CodeBender,892,13,United States
/users/104868/raul-rios,Raul Rios,893,6,unknown
/shaildeliwala,Shail Deliwala,894,7,India
/sunland,sunland,895,3,unknown
/cbentes,mc07,896,18,Germany
/bekbolatov,Renat Bekbolatov,897,4,unknown
/tudinhnguyen,tund,898,7,Australia
/butamon,jk_fr,899,10,Japan
/company,Ravi,900,36,India
/nishkgp,Nishant Kumar,901,6,United States
/users/81333/gabriele-seppi,Gabriele Seppi,902,5,unknown
/mateja,Mateja,903,12,France
/yungong,Jeff,904,4,unknown
/users/121486/xudong-cao,xudong cao,905,1,China
/users/164872/gl-hf,gl&hf,906,1,unknown
/users/90795/jan-vanek,Jan Vanek,907,6,Czech Republic
/nernst,nernst,908,8,unknown
/busterbluth,Buster Bluth,909,9,South Africa
/notsorandomforest,Bruce Tilton,910,15,United States
/sankalp,Sankalp Upadhyay,912,13,Singapore
/mahmutsami,masami,913,3,unknown
/yooona,Ooona,914,3,unknown
/ilyakostrikov,Ilya Kostrikov,915,2,Germany
/jbm1966,joaquín armando,916,19,Spain
/photosynth,Quantum Leap,917,8,United States
/guppi3695,Ankit Gupta,919,8,India
/yizhang4,Yi Zhang,920,5,United States
/shengmin,SM Shih,921,4,unknown
/zriddle,Riddle,922,12,United States
/ibobriakov,Igor Bobriakov,923,41,Ukraine
/nschneider,Neil Schneider,924,21,United States
/mlopez,Manuel Lopez,925,10,Spain
/tsundokum,Marat,926,9,Russia
/dziduchm,Marcin Dziduch,927,16,Ireland
/huzech,George,928,5,China
/jamaisvu,Jamaisvu,929,6,Slovakia
/sachinvernekar,Sachin,930,10,unknown
/users/2702/alec-stephenson,Alec Stephenson,931,17,Australia
/androidhk,S.K. Wong,932,21,Hong Kong
/users/30140/benoit-plante,Benoit Plante,933,21,Canada
/jontix,jontix,934,16,United Kingdom
/adarshchavakula,Adarsh Chavakula,935,11,India
/virilo,viritron,936,9,unknown
/pirasakat,pirasakat,937,7,Japan
/christopherbeckham,Christopher Beckham,938,4,New Zealand
/anbout,a-bout,939,7,unknown
/nirved,nirved,940,21,unknown
/gregoirel,gregl,941,5,France
/iron0012,iron0012,942,12,unknown
/foroushani,Amir Foroushani,943,13,United States
/coolsgd,CoolSgd,944,12,unknown
/tvogel,Vogel,945,2,unknown
/users/169446/nathan-hammes,Nathan Hammes,946,5,United States
/george04,George Mohler,947,11,United States
/timesler,Tibees,948,8,Australia
/aomari,Adil Omari,949,15,unknown
/jayjay75,jayjay,950,8,France
/alecradford,Alec Radford,951,19,United States
/prakash5801,Prakash,953,11,unknown
/kapetis,Dimos Kapetis,954,18,Italy
/kotomord,Kotomord,955,20,Russia
/kromil,romil kulshrestha,956,18,Australia
/florentmasson,FlorentMasson,957,2,France
/archieindian,Arkid Mitra,958,11,unknown
/users/110833/mario,Mario,959,1,Germany
/users/52120/andrey-kolev,Andrey Kolev,960,7,Russia
/vinhkhuc,vgng,961,7,United States
/samehif,Sameh Faidi,962,2,Finland
/republic966,Ahmed Mostafa,963,17,Egypt
/grigorydymov,Grigory Dymov,964,14,unknown
/tjungblut,Thomas Jungblut,965,24,Germany
/akheiri,AKheiri,966,2,United Kingdom
/danijelk,Danijel Kivaranovic,967,2,Austria
/users/103273/lzhexp,lzhexp,968,1,China
/raghparihar,raghvendra singh,969,9,United States
/vincler,Cyril Vincler,970,3,France
/mlearn,mlearn,971,11,United Kingdom
/paso84,Paso,972,9,unknown
/imaxus,Maxim,973,9,Russia
/lejlot,Wojciech Czarnecki,974,3,Poland
/trialanderror2,Trial and Error,975,6,unknown
/gustavofrigo,Gus123,976,8,unknown
/riccardonizzolo,RiccardoNizzolo,977,7,Italy
/users/2827/marcin-pionnier,Marcin Pionnier,979,18,Poland
/puffin,blizzard,980,18,India
/chowdary,data-science,981,24,India
/nukacola,NukaCola,982,2,unknown
/dakindia,Saibal Dutta,983,11,India
/bowenyuan,Bowen-Yuan,984,4,Taiwan
/vishanta,Vishanta Rayamajhi,985,8,Nepal
/mawicks,Mark,986,1,United States
/jonathankchang,JonathanKChang,988,1,unknown
/jesseburstrom,Jesse Burström,989,12,Sweden
/users/339539/rynsin,Rynsin,990,1,unknown
/brau1589,brau1589,991,2,unknown
/users/4667/yanir-seroussi,Yanir Seroussi,993,5,Australia
/paulofelipe,Paulo Felipe,994,4,Brazil
/abhisheksimhadri,Abhishek Simhadri,996,21,India
/vincfl,Vincent François,997,3,unknown
/pregolima,Joseph K. (University of Chicago) - JOB,998,3,unknown
/p18novembre,18novembre,999,2,unknown
/tonyj321,Cromarty Rockall,1000,3,United States
/adrake,u13975,1001,16,unknown
/arjoly,Arnaud Joly,1002,3,unknown
/sebda1,Here to discover,1003,11,unknown
/users/207612/quang-tieng,quang tieng,1004,2,Australia
/users/208949/min-chen,Min Chen,1005,2,United States
/users/1539/albert,Albert,1006,1,New Zealand
/azneye,azneye,1007,24,Canada
/vivien1,Vivien,1008,4,France
/tolyapro,Anatoliy,1009,23,Netherlands
/kailex,kxx,1010,10,unknown
/balazsgodeny,Balazs Godeny,1011,4,Hungary
/lifepreserver,ebdd0304e745872f59bc5597a2f20fb9f7a5a8a704098a5aedbb0bcefc24d11b,1012,9,unknown
/zenonofelea,zenon,1013,7,Russia
/chmffwn1,curiosity,1014,5,unknown
/users/112986/michaelp,michaelp,1015,3,Germany
/vk4arm,Victor Kuriashkin,1016,9,Russia
/atelierhide,atelierhide,1017,22,unknown
/evgenyeltyshev,Evgeny Eltyshev,1018,16,Russia
/simonmaby,simonmab,1019,14,France
/peteter,Pete_Ter,1020,6,United States
/liangpang,Liang Pang,1022,7,China
/dselivanov,diaman,1023,7,Russia
/brianbai,Brian Bai,1024,13,China
/bluebalam,bluebalam,1025,9,El Salvador
/sjouili,Salim Jouili,1026,3,Belgium
/manishkk,Manish Kumar,1027,39,Germany
/ohanegby,ohanegby,1029,5,unknown
/thibmain,tmain,1030,6,France
/qaaron,Aaron,1031,3,Belgium
/asutera,Antonio Sutera,1032,3,Belgium
/calavera,Calavera,1033,7,Russia
/users/193356/hyperplane,hyperplane,1034,3,unknown
/users/1553/ed-ramsden,Ed Ramsden,1035,24,United States
/zhongqiuwang,Zhong-Qiu Wang,1036,6,United States
/khoroshenkikh,serkh,1037,11,Russia
/manuelk,Manuel Kambeitz,1039,30,Germany
/allezallez,Jan,1040,6,France
/shiggles,shiggles,1041,12,United States
/weilizhang,Weili Zhang,1042,16,United States
/oleksandrvorobiov,Oleksandr Vorobiov,1043,6,unknown
/glross,GLR,1045,5,unknown
/viviane1986,castor,1046,2,unknown
/users/154592/dmitriy-anisimov,Dmitriy Anisimov,1047,6,Russia
/ujjwal,Ujjwal Karn,1048,6,India
/apple314,Apple314,1049,14,unknown
/brezniczky,v8trabantturbo,1050,7,United Kingdom
/satomacoto,stmct,1051,12,unknown
/albedan,Alberto,1052,1,Italy
/catzzz,Catzzz,1053,2,unknown
/lolz0r,MichaelCarlon,1054,1,United States
/jpopham91,jpopham91,1055,13,United States
/tdevries,TDeVries,1056,9,Canada
/alielhassouni,Ali el Hassouni,1057,8,Amsterdam
/nsecord,Norman Secord,1058,14,France
/dsoreo,RG,1059,13,United States
/rjcblah,rjkc,1060,3,unknown
/users/123145/ofuture,OFuture,1061,6,China
/innormous,Muhammad Atif,1062,8,Pakistan
/martijnscholten,GameTheory ,1063,3,Netherlands
/mathseer,Mathematical Seer,1065,9,unknown
/aivanni,Andrey,1066,4,unknown
/oxofff,0x0FFF,1067,9,Ireland
/taffeylewis,Taffey Lewis,1068,11,unknown
/sunsoutfunsout,Sun'sOutFun'sOut,1069,12,United States
/iskander,Alexander Tataraidze,1070,5,Russia
/users/13518/travis-erdman,Travis Erdman,1071,14,United States
/mahehu,Heikki Huttunen,1072,4,Finland
/pushpendrasingh,PSR,1073,9,India
/kyazuki,kyazuki,1074,7,Japan
/melvindunn,MelvinDunn,1075,14,United States
/awisbith,Eagle's Nest,1076,8,unknown
/superrock,SuperRock,1077,6,unknown
/shahabeddin,Shahab,1078,3,United States
/edouard2,Edouard,1079,2,unknown
/users/144057/trent,Trent,1080,5,United States
/mnicosia,Massimo Nicosia,1081,16,Italy
/vikpar,Vik Paruchuri,1082,9,United States
/jiexiongtang,J.-X Tang,1083,7,China
/users/33595/xudong-liu,Xudong Liu,1084,8,unknown
/ksm1978,Subbu,1085,6,India
/ben519,Ben Gorman,1086,5,United States
/daveime,Dave Mullen,1087,6,Philippines
/dbolkunov,Dmitry Bolkunov,1088,6,Russia
/tushartilwankar,Tushar Tilwankar,1089,5,India
/lampros,sorpmaL,1090,16,unknown
/vanderakt,Van de Rakt,1091,19,The Netherlands
/wangyuqi1991,Yuqi Wang,1092,12,China
/techface,Roman Dunin,1093,10,Ukraine
/telser,Torgos,1094,19,unknown
/dheger,CSL (NER),1095,1,Germany
/users/115458/mark-goldburd,Mark Goldburd,1096,3,United States
/rajapasupuleti,Rajag,1097,32,United States
/robineast,Robin East,1099,20,United Kingdom
/remap1,Gerard Toonstra,1100,6,Brazil
/vimary,Mary Vikhreva,1101,10,Russia
/oxoxox,_ox_,1102,8,unknown
/gaetangate,GaetanGate,1103,1,unknown
/pierobak,pierobak,1104,1,unknown
/logicleap,logicleap,1105,1,unknown
/d3adbeef,d3adbeef,1106,1,unknown
/avinashj,avinashj,1108,14,unknown
/jsrice,jrice,1109,16,unknown
/sbykau,Siarhei Bykau,1110,13,United States
/users/5983/lazylearner,lazylearner,1111,2,Canada
/mlaspirant,Gaurav Chawla,1112,11,India
/maggiezhou,Maggie Zhou,1113,16,unknown
/wilanw,wilan,1114,6,Australia
/ddboline,Daniel Boline,1115,16,United States
/nagarjunakumar,Nagarjuna,1116,7,United Kingdom
/letranduckinh,Duc-Kinh Le Tran,1117,3,France
/robertofont,RFont,1118,3,unknown
/ekonev,Evgenii Konev,1119,9,Russia
/bigplanet,BigPlanet,1120,10,Singapore
/phanikumar1024,Phani kumar,1121,6,India
/frederik,Frederik Andersen,1122,4,Denmark
/aokh89,aokh89,1124,11,unknown
/users/292252/david-galvin,David Galvin,1125,1,United States
/janekk,Janek,1126,9,Czech Republic
/danieldias,Daniel Oliveira,1127,1,Brazil
/arturpessoa,Artur Pessoa,1128,1,Brazil
/prith189,Prithvi,1129,5,United States
/thodime,Thodime,1130,13,India
/drorrr,sparrow ,1131,2,unknown
/hitchpy,hitchpy,1132,9,unknown
/mgross,MarcusGroß,1133,4,Germany
/mrphilroth,mrphilroth,1134,19,United States
/masandy,mANDy,1135,12,unknown
/nesterov,mephistopheies,1136,14,Russia
/liuftvafas,Liuftvafas,1137,8,unknown
/twinkling,Twinkling,1140,2,Netherlands
/qieter,qieter,1141,2,unknown
/michaelvadis,Michael_Vadis,1142,4,Belgium
/baba5246,Jun Baba,1145,6,Japan
/halvard,Halvard,1146,13,Russia
/rmarcus,Ryan Marcus,1147,2,United States
/users/323309/solomon-garber,Solomon Garber,1148,2,United States
/denlu994,Denlu994,1149,5,Sweden
/utah777,utah777,1150,9,unknown
/riivo1,Riivo Kikas,1151,12,Estonia
/suvrathiran,Suvrat Hiran,1152,9,India
/users/88564/ephrance,Ephrance,1153,9,Malaysia
/linhr10,rhnil,1154,1,unknown
/joshuaslocum,JSlocum,1155,11,United States
/nizhibitsky,Eugene Nizhibitsky,1156,15,Russia
/wliping,wlpdlut,1157,5,China
/users/102819/ankush-shah,Ankush Shah,1158,13,Germany
/corroy,corroy,1160,4,Sweden
/users/312401/pookiebearnecessities,PookieBearNecessities,1161,1,unknown
/louismungin,JoeyUVAMSDS,1162,2,unknown
/hrishi,Hrishikesh Kumar,1163,15,India
/users/102223/cor-v,cor v,1164,1,Netherlands
/nightcrawler,Ronnie O'Sullivan,1165,10,China
/lucienderubempre,Lucien de Rubempre,1166,4,unknown
/bluesky,bluesky,1168,10,unknown
/tpetsche,TIP,1169,3,unknown
/drluke,Luke Hornof,1170,1,unknown
/stouzani,stouzani,1171,11,France
/langbw,monkeytater,1172,13,unknown
/jofaichow,Jo-fai Chow,1173,29,United Kingdom
/users/37435/redemperor,redemperor,1174,16,Japan
/users/318060/nelson-hosley,Nelson Hosley,1175,1,United States
/users/323284/jing-zou,Jing Zou,1176,1,unknown
/stevendu,Steven Du,1177,11,Singapore
/junfeng,junfeng,1178,2,unknown
/olegkulikov,ibra,1180,8,unknown
/steamedbuns,redbeans_pastry,1181,8,United States
/irvingwashington,Blerim Cici,1183,6,unknown
/sampathsathish,Sathish,1184,13,India
/chaotic,Chaos,1185,7,United Kingdom
/users/32352/ronaldosen,Ronaldosen,1186,5,China
/thomasatkins,Saeh,1187,20,Australia
/pwfrey42,Peter W Frey,1188,10,United States
/rajkumarbn,rajkumar bn,1189,11,India
/weilunwong,Encik Besi,1190,4,unknown
/steiner,Steiner,1191,2,unknown
/srowen,Sean Owen,1192,26,United Kingdom
/yosukekatada,Yosuke Katada,1193,14,Japan
/sashikanthdareddy,Sashikanth Dareddy,1194,25,United Kingdom
/jessedavidg,jgreen,1195,7,unknown
/zhugds,Bazinga!,1196,9,United States
/users/36878/infty,infty,1197,3,United States
/users/36885/random-modeler,random modeler,1198,3,unknown
/jimonji,Jean-François Veillette,1199,8,Canada
/jordangumm,Jordan Gumm,1200,8,United States
/ciroel,Anton Smerdov,1201,10,Russia
/jblondin,James Blondin,1202,3,unknown
/mfs6174,mfs6174,1203,3,China
/supernova117,supernova,1204,4,unknown
/dansbecker,DanB,1205,14,United States
/kgilpas,Drendar,1206,16,Canada
/ctkelly,tk,1207,4,United Kingdom
/pbkaran,Karan,1208,16,India
/tkwijaya,tkw,1209,14,Germany
/andreasmerentitis,Andreas Merentitis,1210,9,Germany
/zhnathaniellee,Z.H. Nathaniel Lee,1211,6,China
/davidlow,David Low,1212,14,Singapore
/biasvariance,Shea Parkes,1213,16,United States
/phchung,PH,1214,7,Japan
/onodera,ONODERA,1215,7,Japan
/iliasmir,Ilias Mir,1216,4,Morocco
/rishis,Rush,1217,12,India
/majhra,MCOC,1218,16,Australia
/donniedarko,DonnieDarko,1219,3,Israel
/samirzach,Samir Zachariah George,1220,15,India
/paithan,paithan,1221,2,unknown
/bytesinarow,BytesInARow,1222,9,Spain
/mangoengineer,MangoEngineer,1223,2,Netherlands
/users/48400/auduno,auduno,1224,3,Norway
/dreeux,dreeux,1225,8,unknown
/users/229826/simone,Simone,1226,1,unknown
/pdragy,Paul D,1227,9,unknown
/inversed, inversed,1228,2,Russia
/jurajm,Juraj,1229,2,Canada
/kedric,Cédric Daviau,1230,12,France
/juandoso,juandoso,1231,13,Colombia
/shimoda,shimo_t,1232,4,Japan
/users/212481/pedro-ponte,Pedro Ponte,1233,1,unknown
/bessalov,a.bessalov,1234,19,unknown
/ia1982,IA,1235,7,Singapore
/jaymoore,Jay Moore,1236,17,United Kingdom
/bruttoblotto,blot,1237,11,unknown
/taishomono,tai tai,1238,3,Belgium
/hellothere0113,HelloThere,1239,11,United States
/orikron,Ori Kron,1240,14,Israel
/users/26767/mtb,__mtb__,1241,6,United States
/justinpeel,The Duck in the Machine,1242,13,unknown
/alexargus,AlexArgus,1243,9,Russia
/gagandeep,Max,1244,2,India
/timkreienkamp,Tim Kreienkamp,1246,11,Spain
/unsupervised,Unsupervised,1247,10,United States
/mchahhou,mchahhou,1248,16,unknown
/rajdeltarobo,RajVardhanSingh,1249,8,India
/azveryansky,Alex Zveryansky,1250,6,Russia
/averma,averma,1251,21,unknown
/oldufo,old-ufo,1252,1,Ukraine
/shenwenlong,Wenlong Shen,1253,7,China
/chrisw1,ChrisW,1255,2,unknown
/smilesun,smilesun,1257,5,unknown
/mrkaggler,Phoenix,1258,15,unknown
/yangnanhai,Vincent.Y,1259,5,China
/jamesbond007,jamesbond6,1260,3,unknown
/davidl6,DavidLucas,1261,9,United States
/davidfoster,David Foster,1262,16,United Kingdom
/precmarket,Richard Courtheoux,1263,10,United States
/alemorales,A Morales,1264,16,United States
/ajrwilliams,awilliams,1265,4,unknown
/gogonoma,Tatsuyoshi Noma,1266,4,Japan
/magicjin,MagicJin,1267,9,China
/skylarkerzner,Skylar Kerzner,1268,3,United States
/goutam,Goutam,1269,12,India
/grjhuard,Guillaume Huard,1270,3,unknown
/karakan,Ada Adamczak,1271,5,Poland
/littlekid,littlekid,1273,5,China
/vinhnguyen,Vinh Nguyen,1274,7,Australia
/felixthecat,FelixtheCat,1275,1,United Kingdom
/khaledfayed,Khaled Fayed,1276,13,Egypt
/tanayz,Tanay,1277,14,United States
/cerealcorrelation,Booster,1278,7,unknown
/itaysh,Itay,1279,3,Israel
/hansolo,ZepplinRules,1280,7,United States
/centsoft,centsoft,1281,9,New Zealand
/kkrishnachaitanya,Krishna Chaitanya,1282,7,India
/users/206125/zisheng-zhang,Zisheng Zhang,1283,2,United States
/users/212708/keshab-k-parhi,Keshab K. Parhi,1284,2,United States
/rc95401,rc95401,1285,5,unknown
/ohiojoe,Joe,1286,6,United States
/shiva90,ShivaRajendran,1287,9,India
/novosma,novosma,1288,15,Switzerland
/ericcouto,Eric Couto,1289,12,Brazil
/kaggler79055,Pascal Westring,1290,12,Belgium
/ipasechnik,Igor Pasechnik,1292,2,Russia
/aikinogard,Li Li,1293,3,United States
/pikquu,Pikqu,1294,5,Lithuania
/allexius,Alexander Bauer,1295,2,Germany
/alexpirozhenko,Alex Pirozhenko,1296,7,United States
/luthfianto,rilut,1297,12,Indonesia
/pavitrakumar78,Pavitrakumar,1298,10,India
/vladdy,Vlad Artamonov,1299,17,unknown
/dithyrambe,Dithyrambe,1300,5,France
